Name,Date,Check-in,Check-out
James,01/07/2025,8:30 AM,5:15 PM
James,03/07/2025,9:00 AM,6:30 PM
James,05/07/2025,10:15 AM,7:00 PM
Emma,02/07/2025,9:45 AM,4:30 PM
Emma,04/07/2025,8:00 AM,3:45 PM
Emma,06/07/2025,11:00 AM,8:00 PM
Liam,01/07/2025,10:30 AM,6:00 PM
Liam,05/07/2025,9:15 AM,5:45 PM
Olivia,03/07/2025,8:45 AM,4:00 PM
Olivia,04/07/2025,9:30 AM,5:30 PM
Noah,02/07/2025,11:30 AM,7:15 PM
Noah,07/07/2025,12:00 PM,9:00 PM
Ava,01/07/2025,8:15 AM,3:30 PM
Ava,05/07/2025,10:00 AM,6:45 PM
William,02/07/2025,9:00 AM,5:00 PM
William,06/07/2025,11:15 AM,8:30 PM
Sophia,04/07/2025,8:30 AM,4:15 PM
Sophia,07/07/2025,1:00 PM,9:30 PM
Michael,01/07/2025,9:30 AM,6:15 PM
Michael,03/07/2025,10:45 AM,7:30 PM
Isabella,02/07/2025,8:00 AM,4:45 PM
Isabella,05/07/2025,9:15 AM,5:00 PM
Alexander,04/07/2025,10:00 AM,6:00 PM
Alexander,06/07/2025,12:30 PM,8:15 PM
Mia,01/07/2025,8:45 AM,4:30 PM
Mia,03/07/2025,9:00 AM,5:45 PM
Daniel,02/07/2025,10:15 AM,6:30 PM
Daniel,07/07/2025,11:00 AM,7:00 PM
Charlotte,05/07/2025,8:30 AM,4:15 PM
Charlotte,06/07/2025,9:45 AM,5:30 PM
Henry,01/07/2025,9:15 AM,5:00 PM
Henry,04/07/2025,10:30 AM,6:45 PM
Amelia,03/07/2025,8:00 AM,4:00 PM
Amelia,05/07/2025,9:30 AM,5:15 PM
Joseph,02/07/2025,11:00 AM,7:30 PM
Joseph,07/07/2025,12:15 PM,8:00 PM
Harper,01/07/2025,8:30 AM,4:45 PM
Harper,04/07/2025,9:00 AM,5:30 PM
David,02/07/2025,10:00 AM,6:15 PM
David,06/07/2025,11:30 AM,7:45 PM
Evelyn,03/07/2025,8:45 AM,4:30 PM
Evelyn,07/07/2025,12:00 PM,9:00 PM
